Target,Best_K,Best_BIC,N_Train
1,12,15118.94245435086,15471
2,11,22199.19157926756,15471
3,14,16367.759191226702,15471
