{
  "a": 2.6893100939287473,
  "b": 2.3553561471493487,
  "W": 0.2,
  "R2": 0.6497691121316964,
  "RMSE": 1.5298214123427534,
  "MAE": 1.2218285501643218
}